layer,shard,metric,value,model,word_rep_mode
0,0,iso,0.012998923659324646,bert-base-uncased,first
1,0,iso,0.018269643187522888,bert-base-uncased,first
2,0,iso,0.019105738028883934,bert-base-uncased,first
3,0,iso,0.019628852605819702,bert-base-uncased,first
4,0,iso,0.01861765794456005,bert-base-uncased,first
5,0,iso,0.01834831014275551,bert-base-uncased,first
6,0,iso,0.019551513716578484,bert-base-uncased,first
7,0,iso,0.019984476268291473,bert-base-uncased,first
8,0,iso,0.020005762577056885,bert-base-uncased,first
9,0,iso,0.020680323243141174,bert-base-uncased,first
10,0,iso,0.019541585817933083,bert-base-uncased,first
11,0,iso,0.01879638060927391,bert-base-uncased,first
12,0,iso,0.009946489706635475,bert-base-uncased,first
0,0,rand,,bert-base-uncased,first
1,0,rand,,bert-base-uncased,first
2,0,rand,,bert-base-uncased,first
3,0,rand,,bert-base-uncased,first
4,0,rand,,bert-base-uncased,first
5,0,rand,,bert-base-uncased,first
6,0,rand,,bert-base-uncased,first
7,0,rand,,bert-base-uncased,first
8,0,rand,,bert-base-uncased,first
9,0,rand,,bert-base-uncased,first
10,0,rand,,bert-base-uncased,first
11,0,rand,,bert-base-uncased,first
12,0,rand,,bert-base-uncased,first
0,0,sf,0.2601560354232788,bert-base-uncased,first
1,0,sf,0.3069378137588501,bert-base-uncased,first
2,0,sf,0.3122747838497162,bert-base-uncased,first
3,0,sf,0.3366602659225464,bert-base-uncased,first
4,0,sf,0.35311976075172424,bert-base-uncased,first
5,0,sf,0.3577086925506592,bert-base-uncased,first
6,0,sf,0.372792512178421,bert-base-uncased,first
7,0,sf,0.3704020380973816,bert-base-uncased,first
8,0,sf,0.36972776055336,bert-base-uncased,first
9,0,sf,0.36370137333869934,bert-base-uncased,first
10,0,sf,0.2939514219760895,bert-base-uncased,first
11,0,sf,0.2541353106498718,bert-base-uncased,first
12,0,sf,0.31088605523109436,bert-base-uncased,first
0,0,vmf_kappa,304.8890380859375,bert-base-uncased,first
1,0,vmf_kappa,364.6850280761719,bert-base-uncased,first
2,0,vmf_kappa,443.6923828125,bert-base-uncased,first
3,0,vmf_kappa,448.5376281738281,bert-base-uncased,first
4,0,vmf_kappa,498.21002197265625,bert-base-uncased,first
5,0,vmf_kappa,554.0501098632812,bert-base-uncased,first
6,0,vmf_kappa,540.0057373046875,bert-base-uncased,first
7,0,vmf_kappa,527.354736328125,bert-base-uncased,first
8,0,vmf_kappa,520.724609375,bert-base-uncased,first
9,0,vmf_kappa,478.0702819824219,bert-base-uncased,first
10,0,vmf_kappa,489.15606689453125,bert-base-uncased,first
11,0,vmf_kappa,585.5654907226562,bert-base-uncased,first
12,0,vmf_kappa,485.6171569824219,bert-base-uncased,first
0,0,erank,25.507396697998047,bert-base-uncased,first
1,0,erank,27.458066940307617,bert-base-uncased,first
2,0,erank,27.606481552124023,bert-base-uncased,first
3,0,erank,28.582319259643555,bert-base-uncased,first
4,0,erank,29.512144088745117,bert-base-uncased,first
5,0,erank,29.536640167236328,bert-base-uncased,first
6,0,erank,30.263017654418945,bert-base-uncased,first
7,0,erank,30.45123863220215,bert-base-uncased,first
8,0,erank,30.339933395385742,bert-base-uncased,first
9,0,erank,29.953765869140625,bert-base-uncased,first
10,0,erank,28.584949493408203,bert-base-uncased,first
11,0,erank,28.2181396484375,bert-base-uncased,first
12,0,erank,25.418291091918945,bert-base-uncased,first
0,0,pr,22.371620178222656,bert-base-uncased,first
1,0,pr,25.12278938293457,bert-base-uncased,first
2,0,pr,25.189411163330078,bert-base-uncased,first
3,0,pr,26.111339569091797,bert-base-uncased,first
4,0,pr,27.091856002807617,bert-base-uncased,first
5,0,pr,27.03883934020996,bert-base-uncased,first
6,0,pr,28.0693416595459,bert-base-uncased,first
7,0,pr,28.313575744628906,bert-base-uncased,first
8,0,pr,28.117929458618164,bert-base-uncased,first
9,0,pr,27.526002883911133,bert-base-uncased,first
10,0,pr,26.387094497680664,bert-base-uncased,first
11,0,pr,25.859519958496094,bert-base-uncased,first
12,0,pr,19.545516967773438,bert-base-uncased,first
0,0,stable_rank,9.983174324035645,bert-base-uncased,first
1,0,stable_rank,14.031085014343262,bert-base-uncased,first
2,0,stable_rank,14.673208236694336,bert-base-uncased,first
3,0,stable_rank,15.074958801269531,bert-base-uncased,first
4,0,stable_rank,14.298362731933594,bert-base-uncased,first
5,0,stable_rank,14.091501235961914,bert-base-uncased,first
6,0,stable_rank,15.015563011169434,bert-base-uncased,first
7,0,stable_rank,15.348078727722168,bert-base-uncased,first
8,0,stable_rank,15.364425659179688,bert-base-uncased,first
9,0,stable_rank,15.882489204406738,bert-base-uncased,first
10,0,stable_rank,15.00793743133545,bert-base-uncased,first
11,0,stable_rank,14.435619354248047,bert-base-uncased,first
12,0,stable_rank,7.638903617858887,bert-base-uncased,first
0,0,twonn,3.0811612606048584,bert-base-uncased,first
1,0,twonn,4.594057083129883,bert-base-uncased,first
2,0,twonn,7.245107173919678,bert-base-uncased,first
3,0,twonn,14.563923835754395,bert-base-uncased,first
4,0,twonn,21.06653594970703,bert-base-uncased,first
5,0,twonn,25.582721710205078,bert-base-uncased,first
6,0,twonn,28.111135482788086,bert-base-uncased,first
7,0,twonn,29.057106018066406,bert-base-uncased,first
8,0,twonn,34.29174041748047,bert-base-uncased,first
9,0,twonn,27.014564514160156,bert-base-uncased,first
10,0,twonn,29.483135223388672,bert-base-uncased,first
11,0,twonn,17.40802764892578,bert-base-uncased,first
12,0,twonn,28.110549926757812,bert-base-uncased,first
0,0,gride,,bert-base-uncased,first
1,0,gride,,bert-base-uncased,first
2,0,gride,,bert-base-uncased,first
3,0,gride,,bert-base-uncased,first
4,0,gride,,bert-base-uncased,first
5,0,gride,,bert-base-uncased,first
6,0,gride,,bert-base-uncased,first
7,0,gride,,bert-base-uncased,first
8,0,gride,,bert-base-uncased,first
9,0,gride,,bert-base-uncased,first
10,0,gride,,bert-base-uncased,first
11,0,gride,,bert-base-uncased,first
12,0,gride,,bert-base-uncased,first
0,0,mom,6.6761956214904785,bert-base-uncased,first
1,0,mom,8.556903839111328,bert-base-uncased,first
2,0,mom,6.7075018882751465,bert-base-uncased,first
3,0,mom,6.899869918823242,bert-base-uncased,first
4,0,mom,9.425627708435059,bert-base-uncased,first
5,0,mom,8.5110502243042,bert-base-uncased,first
6,0,mom,10.741974830627441,bert-base-uncased,first
7,0,mom,10.360696792602539,bert-base-uncased,first
8,0,mom,8.679422378540039,bert-base-uncased,first
9,0,mom,6.597392559051514,bert-base-uncased,first
10,0,mom,7.714737415313721,bert-base-uncased,first
11,0,mom,6.90576171875,bert-base-uncased,first
12,0,mom,6.893041610717773,bert-base-uncased,first
0,0,tle,8.385651588439941,bert-base-uncased,first
1,0,tle,6.93104887008667,bert-base-uncased,first
2,0,tle,6.411861896514893,bert-base-uncased,first
3,0,tle,7.7974534034729,bert-base-uncased,first
4,0,tle,10.72761344909668,bert-base-uncased,first
5,0,tle,10.407474517822266,bert-base-uncased,first
6,0,tle,14.094541549682617,bert-base-uncased,first
7,0,tle,15.58547306060791,bert-base-uncased,first
8,0,tle,16.19486427307129,bert-base-uncased,first
9,0,tle,13.012762069702148,bert-base-uncased,first
10,0,tle,9.823830604553223,bert-base-uncased,first
11,0,tle,9.588875770568848,bert-base-uncased,first
12,0,tle,12.46826457977295,bert-base-uncased,first
0,0,corrint,5.890697479248047,bert-base-uncased,first
1,0,corrint,6.941125869750977,bert-base-uncased,first
2,0,corrint,5.9169464111328125,bert-base-uncased,first
3,0,corrint,6.813663482666016,bert-base-uncased,first
4,0,corrint,9.3224458694458,bert-base-uncased,first
5,0,corrint,9.106596946716309,bert-base-uncased,first
6,0,corrint,11.333413124084473,bert-base-uncased,first
7,0,corrint,11.913087844848633,bert-base-uncased,first
8,0,corrint,11.30572509765625,bert-base-uncased,first
9,0,corrint,9.31358528137207,bert-base-uncased,first
10,0,corrint,8.856701850891113,bert-base-uncased,first
11,0,corrint,9.097654342651367,bert-base-uncased,first
12,0,corrint,9.226531028747559,bert-base-uncased,first
0,0,fishers,5.194268226623535,bert-base-uncased,first
1,0,fishers,5.634003639221191,bert-base-uncased,first
2,0,fishers,6.817155838012695,bert-base-uncased,first
3,0,fishers,12.312409400939941,bert-base-uncased,first
4,0,fishers,12.312409400939941,bert-base-uncased,first
5,0,fishers,9.848640441894531,bert-base-uncased,first
6,0,fishers,,bert-base-uncased,first
7,0,fishers,,bert-base-uncased,first
8,0,fishers,,bert-base-uncased,first
9,0,fishers,,bert-base-uncased,first
10,0,fishers,5.820886611938477,bert-base-uncased,first
11,0,fishers,5.820886611938477,bert-base-uncased,first
12,0,fishers,6.850660800933838,bert-base-uncased,first
0,0,mle,7.67758321762085,bert-base-uncased,first
1,0,mle,7.336917877197266,bert-base-uncased,first
2,0,mle,6.763537406921387,bert-base-uncased,first
3,0,mle,8.43907642364502,bert-base-uncased,first
4,0,mle,11.184985160827637,bert-base-uncased,first
5,0,mle,10.77745246887207,bert-base-uncased,first
6,0,mle,14.629146575927734,bert-base-uncased,first
7,0,mle,16.36213493347168,bert-base-uncased,first
8,0,mle,17.375940322875977,bert-base-uncased,first
9,0,mle,14.710738182067871,bert-base-uncased,first
10,0,mle,10.51448917388916,bert-base-uncased,first
11,0,mle,9.767574310302734,bert-base-uncased,first
12,0,mle,12.531756401062012,bert-base-uncased,first
0,0,ess,57.65838623046875,bert-base-uncased,first
1,0,ess,97.8568344116211,bert-base-uncased,first
2,0,ess,121.1619873046875,bert-base-uncased,first
3,0,ess,148.21363830566406,bert-base-uncased,first
4,0,ess,151.31842041015625,bert-base-uncased,first
5,0,ess,156.91412353515625,bert-base-uncased,first
6,0,ess,179.16815185546875,bert-base-uncased,first
7,0,ess,188.1429901123047,bert-base-uncased,first
8,0,ess,177.93409729003906,bert-base-uncased,first
9,0,ess,178.1967315673828,bert-base-uncased,first
10,0,ess,107.6058349609375,bert-base-uncased,first
11,0,ess,87.57460021972656,bert-base-uncased,first
12,0,ess,46.768985748291016,bert-base-uncased,first
0,0,mada,9.523636817932129,bert-base-uncased,first
1,0,mada,6.5466132164001465,bert-base-uncased,first
2,0,mada,6.820898056030273,bert-base-uncased,first
3,0,mada,7.755015850067139,bert-base-uncased,first
4,0,mada,10.072115898132324,bert-base-uncased,first
5,0,mada,9.522212028503418,bert-base-uncased,first
6,0,mada,13.564345359802246,bert-base-uncased,first
7,0,mada,16.466249465942383,bert-base-uncased,first
8,0,mada,16.861740112304688,bert-base-uncased,first
9,0,mada,13.446907043457031,bert-base-uncased,first
10,0,mada,13.617392539978027,bert-base-uncased,first
11,0,mada,12.483866691589355,bert-base-uncased,first
12,0,mada,12.786064147949219,bert-base-uncased,first
0,0,lpca,27.0,bert-base-uncased,first
1,0,lpca,30.0,bert-base-uncased,first
2,0,lpca,32.0,bert-base-uncased,first
3,0,lpca,33.0,bert-base-uncased,first
4,0,lpca,33.0,bert-base-uncased,first
5,0,lpca,33.0,bert-base-uncased,first
6,0,lpca,33.0,bert-base-uncased,first
7,0,lpca,33.0,bert-base-uncased,first
8,0,lpca,33.0,bert-base-uncased,first
9,0,lpca,33.0,bert-base-uncased,first
10,0,lpca,31.0,bert-base-uncased,first
11,0,lpca,31.0,bert-base-uncased,first
12,0,lpca,31.0,bert-base-uncased,first
0,0,lpca99,28.0,bert-base-uncased,first
1,0,lpca99,30.0,bert-base-uncased,first
2,0,lpca99,31.0,bert-base-uncased,first
3,0,lpca99,32.0,bert-base-uncased,first
4,0,lpca99,32.0,bert-base-uncased,first
5,0,lpca99,32.0,bert-base-uncased,first
6,0,lpca99,32.0,bert-base-uncased,first
7,0,lpca99,32.0,bert-base-uncased,first
8,0,lpca99,32.0,bert-base-uncased,first
9,0,lpca99,32.0,bert-base-uncased,first
10,0,lpca99,31.0,bert-base-uncased,first
11,0,lpca99,30.0,bert-base-uncased,first
12,0,lpca99,31.0,bert-base-uncased,first
0,0,lpca95,25.0,bert-base-uncased,first
1,0,lpca95,26.0,bert-base-uncased,first
2,0,lpca95,26.0,bert-base-uncased,first
3,0,lpca95,27.0,bert-base-uncased,first
4,0,lpca95,29.0,bert-base-uncased,first
5,0,lpca95,29.0,bert-base-uncased,first
6,0,lpca95,30.0,bert-base-uncased,first
7,0,lpca95,30.0,bert-base-uncased,first
8,0,lpca95,30.0,bert-base-uncased,first
9,0,lpca95,29.0,bert-base-uncased,first
10,0,lpca95,28.0,bert-base-uncased,first
11,0,lpca95,28.0,bert-base-uncased,first
12,0,lpca95,28.0,bert-base-uncased,first
0,1,iso,0.015306384302675724,bert-base-uncased,first
1,1,iso,0.019605234265327454,bert-base-uncased,first
2,1,iso,0.02013271301984787,bert-base-uncased,first
3,1,iso,0.019407231360673904,bert-base-uncased,first
4,1,iso,0.02000020258128643,bert-base-uncased,first
5,1,iso,0.018762895837426186,bert-base-uncased,first
6,1,iso,0.019031422212719917,bert-base-uncased,first
7,1,iso,0.01904396340250969,bert-base-uncased,first
8,1,iso,0.01924985647201538,bert-base-uncased,first
9,1,iso,0.01881350949406624,bert-base-uncased,first
10,1,iso,0.018481412902474403,bert-base-uncased,first
11,1,iso,0.018226876854896545,bert-base-uncased,first
12,1,iso,0.016060510650277138,bert-base-uncased,first
0,1,rand,,bert-base-uncased,first
1,1,rand,,bert-base-uncased,first
2,1,rand,,bert-base-uncased,first
3,1,rand,,bert-base-uncased,first
4,1,rand,,bert-base-uncased,first
5,1,rand,,bert-base-uncased,first
6,1,rand,,bert-base-uncased,first
7,1,rand,,bert-base-uncased,first
8,1,rand,,bert-base-uncased,first
9,1,rand,,bert-base-uncased,first
10,1,rand,,bert-base-uncased,first
11,1,rand,,bert-base-uncased,first
12,1,rand,,bert-base-uncased,first
0,1,sf,0.33917832374572754,bert-base-uncased,first
1,1,sf,0.3538280129432678,bert-base-uncased,first
2,1,sf,0.3519594669342041,bert-base-uncased,first
3,1,sf,0.3543773293495178,bert-base-uncased,first
4,1,sf,0.3615240454673767,bert-base-uncased,first
5,1,sf,0.36285796761512756,bert-base-uncased,first
6,1,sf,0.3669109046459198,bert-base-uncased,first
7,1,sf,0.36583787202835083,bert-base-uncased,first
8,1,sf,0.36708399653434753,bert-base-uncased,first
9,1,sf,0.3637303411960602,bert-base-uncased,first
10,1,sf,0.36320897936820984,bert-base-uncased,first
11,1,sf,0.3599892556667328,bert-base-uncased,first
12,1,sf,0.36288565397262573,bert-base-uncased,first
0,1,vmf_kappa,254.29043579101562,bert-base-uncased,first
1,1,vmf_kappa,320.9678955078125,bert-base-uncased,first
2,1,vmf_kappa,387.06170654296875,bert-base-uncased,first
3,1,vmf_kappa,394.8485107421875,bert-base-uncased,first
4,1,vmf_kappa,442.5031433105469,bert-base-uncased,first
5,1,vmf_kappa,511.40277099609375,bert-base-uncased,first
6,1,vmf_kappa,501.7625427246094,bert-base-uncased,first
7,1,vmf_kappa,510.90887451171875,bert-base-uncased,first
8,1,vmf_kappa,520.4923706054688,bert-base-uncased,first
9,1,vmf_kappa,500.1229553222656,bert-base-uncased,first
10,1,vmf_kappa,559.79443359375,bert-base-uncased,first
11,1,vmf_kappa,693.5762329101562,bert-base-uncased,first
12,1,vmf_kappa,579.0907592773438,bert-base-uncased,first
0,1,erank,28.527223587036133,bert-base-uncased,first
1,1,erank,29.444416046142578,bert-base-uncased,first
2,1,erank,29.149934768676758,bert-base-uncased,first
3,1,erank,29.24970817565918,bert-base-uncased,first
4,1,erank,29.55154800415039,bert-base-uncased,first
5,1,erank,29.515682220458984,bert-base-uncased,first
6,1,erank,29.84438133239746,bert-base-uncased,first
7,1,erank,29.86965560913086,bert-base-uncased,first
8,1,erank,29.756742477416992,bert-base-uncased,first
9,1,erank,29.56071662902832,bert-base-uncased,first
10,1,erank,29.468427658081055,bert-base-uncased,first
11,1,erank,29.261388778686523,bert-base-uncased,first
12,1,erank,28.865610122680664,bert-base-uncased,first
0,1,pr,25.94719696044922,bert-base-uncased,first
1,1,pr,27.575849533081055,bert-base-uncased,first
2,1,pr,27.119110107421875,bert-base-uncased,first
3,1,pr,27.04339027404785,bert-base-uncased,first
4,1,pr,27.392202377319336,bert-base-uncased,first
5,1,pr,27.27324676513672,bert-base-uncased,first
6,1,pr,27.806734085083008,bert-base-uncased,first
7,1,pr,27.87150764465332,bert-base-uncased,first
8,1,pr,27.62680435180664,bert-base-uncased,first
9,1,pr,27.261455535888672,bert-base-uncased,first
10,1,pr,27.05344581604004,bert-base-uncased,first
11,1,pr,26.731657028198242,bert-base-uncased,first
12,1,pr,26.050905227661133,bert-base-uncased,first
0,1,stable_rank,11.755302429199219,bert-base-uncased,first
1,1,stable_rank,15.056818962097168,bert-base-uncased,first
2,1,stable_rank,15.461923599243164,bert-base-uncased,first
3,1,stable_rank,14.904753684997559,bert-base-uncased,first
4,1,stable_rank,15.360156059265137,bert-base-uncased,first
5,1,stable_rank,14.409904479980469,bert-base-uncased,first
6,1,stable_rank,14.616130828857422,bert-base-uncased,first
7,1,stable_rank,14.625764846801758,bert-base-uncased,first
8,1,stable_rank,14.783888816833496,bert-base-uncased,first
9,1,stable_rank,14.448774337768555,bert-base-uncased,first
10,1,stable_rank,14.193723678588867,bert-base-uncased,first
11,1,stable_rank,13.99824047088623,bert-base-uncased,first
12,1,stable_rank,12.334473609924316,bert-base-uncased,first
0,1,twonn,43.18241882324219,bert-base-uncased,first
1,1,twonn,36.044769287109375,bert-base-uncased,first
2,1,twonn,41.536441802978516,bert-base-uncased,first
3,1,twonn,35.520999908447266,bert-base-uncased,first
4,1,twonn,29.273786544799805,bert-base-uncased,first
5,1,twonn,33.20477294921875,bert-base-uncased,first
6,1,twonn,37.47337341308594,bert-base-uncased,first
7,1,twonn,31.79946517944336,bert-base-uncased,first
8,1,twonn,28.987619400024414,bert-base-uncased,first
9,1,twonn,26.449132919311523,bert-base-uncased,first
10,1,twonn,33.21845245361328,bert-base-uncased,first
11,1,twonn,39.810829162597656,bert-base-uncased,first
12,1,twonn,41.93050765991211,bert-base-uncased,first
0,1,gride,,bert-base-uncased,first
1,1,gride,,bert-base-uncased,first
2,1,gride,,bert-base-uncased,first
3,1,gride,,bert-base-uncased,first
4,1,gride,,bert-base-uncased,first
5,1,gride,,bert-base-uncased,first
6,1,gride,,bert-base-uncased,first
7,1,gride,,bert-base-uncased,first
8,1,gride,,bert-base-uncased,first
9,1,gride,,bert-base-uncased,first
10,1,gride,,bert-base-uncased,first
11,1,gride,,bert-base-uncased,first
12,1,gride,,bert-base-uncased,first
0,1,mom,10.044880867004395,bert-base-uncased,first
1,1,mom,12.452315330505371,bert-base-uncased,first
2,1,mom,9.493008613586426,bert-base-uncased,first
3,1,mom,9.064123153686523,bert-base-uncased,first
4,1,mom,11.297607421875,bert-base-uncased,first
5,1,mom,10.218489646911621,bert-base-uncased,first
6,1,mom,12.165721893310547,bert-base-uncased,first
7,1,mom,11.987273216247559,bert-base-uncased,first
8,1,mom,12.65080451965332,bert-base-uncased,first
9,1,mom,9.858174324035645,bert-base-uncased,first
10,1,mom,10.30184268951416,bert-base-uncased,first
11,1,mom,8.511141777038574,bert-base-uncased,first
12,1,mom,6.859294414520264,bert-base-uncased,first
0,1,tle,13.318717002868652,bert-base-uncased,first
1,1,tle,12.847980499267578,bert-base-uncased,first
2,1,tle,9.852755546569824,bert-base-uncased,first
3,1,tle,11.878775596618652,bert-base-uncased,first
4,1,tle,16.188905715942383,bert-base-uncased,first
5,1,tle,15.944019317626953,bert-base-uncased,first
6,1,tle,18.768871307373047,bert-base-uncased,first
7,1,tle,20.845487594604492,bert-base-uncased,first
8,1,tle,18.964868545532227,bert-base-uncased,first
9,1,tle,17.626924514770508,bert-base-uncased,first
10,1,tle,18.34819221496582,bert-base-uncased,first
11,1,tle,16.395675659179688,bert-base-uncased,first
12,1,tle,13.846639633178711,bert-base-uncased,first
0,1,corrint,11.389901161193848,bert-base-uncased,first
1,1,corrint,9.621870040893555,bert-base-uncased,first
2,1,corrint,7.8488640785217285,bert-base-uncased,first
3,1,corrint,9.184819221496582,bert-base-uncased,first
4,1,corrint,12.843148231506348,bert-base-uncased,first
5,1,corrint,11.45533561706543,bert-base-uncased,first
6,1,corrint,15.94277572631836,bert-base-uncased,first
7,1,corrint,15.963287353515625,bert-base-uncased,first
8,1,corrint,15.53669548034668,bert-base-uncased,first
9,1,corrint,13.262818336486816,bert-base-uncased,first
10,1,corrint,14.188833236694336,bert-base-uncased,first
11,1,corrint,12.930338859558105,bert-base-uncased,first
12,1,corrint,10.455357551574707,bert-base-uncased,first
0,1,fishers,7.704873561859131,bert-base-uncased,first
1,1,fishers,7.704873561859131,bert-base-uncased,first
2,1,fishers,7.704873561859131,bert-base-uncased,first
3,1,fishers,,bert-base-uncased,first
4,1,fishers,,bert-base-uncased,first
5,1,fishers,,bert-base-uncased,first
6,1,fishers,,bert-base-uncased,first
7,1,fishers,,bert-base-uncased,first
8,1,fishers,,bert-base-uncased,first
9,1,fishers,,bert-base-uncased,first
10,1,fishers,,bert-base-uncased,first
11,1,fishers,,bert-base-uncased,first
12,1,fishers,,bert-base-uncased,first
0,1,mle,12.027728080749512,bert-base-uncased,first
1,1,mle,13.782715797424316,bert-base-uncased,first
2,1,mle,10.771100044250488,bert-base-uncased,first
3,1,mle,12.896965980529785,bert-base-uncased,first
4,1,mle,17.532108306884766,bert-base-uncased,first
5,1,mle,17.38338851928711,bert-base-uncased,first
6,1,mle,20.720470428466797,bert-base-uncased,first
7,1,mle,22.602018356323242,bert-base-uncased,first
8,1,mle,21.624370574951172,bert-base-uncased,first
9,1,mle,19.990446090698242,bert-base-uncased,first
10,1,mle,20.867897033691406,bert-base-uncased,first
11,1,mle,18.880619049072266,bert-base-uncased,first
12,1,mle,15.806385040283203,bert-base-uncased,first
0,1,ess,121.60749816894531,bert-base-uncased,first
1,1,ess,182.26425170898438,bert-base-uncased,first
2,1,ess,191.45794677734375,bert-base-uncased,first
3,1,ess,184.63844299316406,bert-base-uncased,first
4,1,ess,173.58473205566406,bert-base-uncased,first
5,1,ess,175.47886657714844,bert-base-uncased,first
6,1,ess,187.89019775390625,bert-base-uncased,first
7,1,ess,188.7964630126953,bert-base-uncased,first
8,1,ess,178.55874633789062,bert-base-uncased,first
9,1,ess,170.10317993164062,bert-base-uncased,first
10,1,ess,158.137451171875,bert-base-uncased,first
11,1,ess,154.76876831054688,bert-base-uncased,first
12,1,ess,148.93443298339844,bert-base-uncased,first
0,1,mada,12.970970153808594,bert-base-uncased,first
1,1,mada,12.973917961120605,bert-base-uncased,first
2,1,mada,8.923032760620117,bert-base-uncased,first
3,1,mada,11.507011413574219,bert-base-uncased,first
4,1,mada,16.432964324951172,bert-base-uncased,first
5,1,mada,16.471546173095703,bert-base-uncased,first
6,1,mada,18.646713256835938,bert-base-uncased,first
7,1,mada,22.19841957092285,bert-base-uncased,first
8,1,mada,20.466657638549805,bert-base-uncased,first
9,1,mada,18.21539878845215,bert-base-uncased,first
10,1,mada,17.957456588745117,bert-base-uncased,first
11,1,mada,16.422731399536133,bert-base-uncased,first
12,1,mada,12.925948143005371,bert-base-uncased,first
0,1,lpca,31.0,bert-base-uncased,first
1,1,lpca,32.0,bert-base-uncased,first
2,1,lpca,32.0,bert-base-uncased,first
3,1,lpca,32.0,bert-base-uncased,first
4,1,lpca,32.0,bert-base-uncased,first
5,1,lpca,32.0,bert-base-uncased,first
6,1,lpca,32.0,bert-base-uncased,first
7,1,lpca,32.0,bert-base-uncased,first
8,1,lpca,32.0,bert-base-uncased,first
9,1,lpca,32.0,bert-base-uncased,first
10,1,lpca,32.0,bert-base-uncased,first
11,1,lpca,32.0,bert-base-uncased,first
12,1,lpca,32.0,bert-base-uncased,first
0,1,lpca99,31.0,bert-base-uncased,first
1,1,lpca99,31.0,bert-base-uncased,first
2,1,lpca99,31.0,bert-base-uncased,first
3,1,lpca99,31.0,bert-base-uncased,first
4,1,lpca99,32.0,bert-base-uncased,first
5,1,lpca99,32.0,bert-base-uncased,first
6,1,lpca99,32.0,bert-base-uncased,first
7,1,lpca99,32.0,bert-base-uncased,first
8,1,lpca99,32.0,bert-base-uncased,first
9,1,lpca99,32.0,bert-base-uncased,first
10,1,lpca99,32.0,bert-base-uncased,first
11,1,lpca99,32.0,bert-base-uncased,first
12,1,lpca99,32.0,bert-base-uncased,first
0,1,lpca95,28.0,bert-base-uncased,first
1,1,lpca95,28.0,bert-base-uncased,first
2,1,lpca95,28.0,bert-base-uncased,first
3,1,lpca95,29.0,bert-base-uncased,first
4,1,lpca95,29.0,bert-base-uncased,first
5,1,lpca95,29.0,bert-base-uncased,first
6,1,lpca95,29.0,bert-base-uncased,first
7,1,lpca95,29.0,bert-base-uncased,first
8,1,lpca95,29.0,bert-base-uncased,first
9,1,lpca95,29.0,bert-base-uncased,first
10,1,lpca95,29.0,bert-base-uncased,first
11,1,lpca95,29.0,bert-base-uncased,first
12,1,lpca95,29.0,bert-base-uncased,first
0,2,iso,0.014374839141964912,bert-base-uncased,first
1,2,iso,0.01930364966392517,bert-base-uncased,first
2,2,iso,0.02055014669895172,bert-base-uncased,first
3,2,iso,0.020907150581479073,bert-base-uncased,first
4,2,iso,0.018812349066138268,bert-base-uncased,first
5,2,iso,0.01801837608218193,bert-base-uncased,first
6,2,iso,0.018743157386779785,bert-base-uncased,first
7,2,iso,0.02045474201440811,bert-base-uncased,first
8,2,iso,0.020479919388890266,bert-base-uncased,first
9,2,iso,0.020380478352308273,bert-base-uncased,first
10,2,iso,0.0193173810839653,bert-base-uncased,first
11,2,iso,0.017305584624409676,bert-base-uncased,first
12,2,iso,0.010885271243751049,bert-base-uncased,first
0,2,rand,,bert-base-uncased,first
1,2,rand,,bert-base-uncased,first
2,2,rand,,bert-base-uncased,first
3,2,rand,,bert-base-uncased,first
4,2,rand,,bert-base-uncased,first
5,2,rand,,bert-base-uncased,first
6,2,rand,,bert-base-uncased,first
7,2,rand,,bert-base-uncased,first
8,2,rand,,bert-base-uncased,first
9,2,rand,,bert-base-uncased,first
10,2,rand,,bert-base-uncased,first
11,2,rand,,bert-base-uncased,first
12,2,rand,,bert-base-uncased,first
0,2,sf,0.28412526845932007,bert-base-uncased,first
1,2,sf,0.30441275238990784,bert-base-uncased,first
2,2,sf,0.29733705520629883,bert-base-uncased,first
3,2,sf,0.31867146492004395,bert-base-uncased,first
4,2,sf,0.3385351598262787,bert-base-uncased,first
5,2,sf,0.33667632937431335,bert-base-uncased,first
6,2,sf,0.3444089889526367,bert-base-uncased,first
7,2,sf,0.3485316336154938,bert-base-uncased,first
8,2,sf,0.3430704176425934,bert-base-uncased,first
9,2,sf,0.3180147707462311,bert-base-uncased,first
10,2,sf,0.2378057986497879,bert-base-uncased,first
11,2,sf,0.22769226133823395,bert-base-uncased,first
12,2,sf,0.3221171796321869,bert-base-uncased,first
0,2,vmf_kappa,287.3398132324219,bert-base-uncased,first
1,2,vmf_kappa,354.3587341308594,bert-base-uncased,first
2,2,vmf_kappa,435.0973815917969,bert-base-uncased,first
3,2,vmf_kappa,441.9013977050781,bert-base-uncased,first
4,2,vmf_kappa,487.1225280761719,bert-base-uncased,first
5,2,vmf_kappa,544.87548828125,bert-base-uncased,first
6,2,vmf_kappa,534.4871826171875,bert-base-uncased,first
7,2,vmf_kappa,514.6277465820312,bert-base-uncased,first
8,2,vmf_kappa,513.208251953125,bert-base-uncased,first
9,2,vmf_kappa,470.77484130859375,bert-base-uncased,first
10,2,vmf_kappa,462.1960144042969,bert-base-uncased,first
11,2,vmf_kappa,559.404541015625,bert-base-uncased,first
12,2,vmf_kappa,514.0230102539062,bert-base-uncased,first
0,2,erank,26.277570724487305,bert-base-uncased,first
1,2,erank,27.25046730041504,bert-base-uncased,first
2,2,erank,26.947425842285156,bert-base-uncased,first
3,2,erank,27.619592666625977,bert-base-uncased,first
4,2,erank,28.428544998168945,bert-base-uncased,first
5,2,erank,28.462141036987305,bert-base-uncased,first
6,2,erank,28.850095748901367,bert-base-uncased,first
7,2,erank,29.02935791015625,bert-base-uncased,first
8,2,erank,28.777555465698242,bert-base-uncased,first
9,2,erank,28.107877731323242,bert-base-uncased,first
10,2,erank,27.677894592285156,bert-base-uncased,first
11,2,erank,27.237104415893555,bert-base-uncased,first
12,2,erank,26.592876434326172,bert-base-uncased,first
0,2,pr,23.48490333557129,bert-base-uncased,first
1,2,pr,25.129093170166016,bert-base-uncased,first
2,2,pr,24.77485466003418,bert-base-uncased,first
3,2,pr,25.367403030395508,bert-base-uncased,first
4,2,pr,26.1257381439209,bert-base-uncased,first
5,2,pr,26.076305389404297,bert-base-uncased,first
6,2,pr,26.625024795532227,bert-base-uncased,first
7,2,pr,26.945049285888672,bert-base-uncased,first
8,2,pr,26.68042755126953,bert-base-uncased,first
9,2,pr,26.07026481628418,bert-base-uncased,first
10,2,pr,25.710830688476562,bert-base-uncased,first
11,2,pr,24.941240310668945,bert-base-uncased,first
12,2,pr,22.18697738647461,bert-base-uncased,first
0,2,stable_rank,11.039875984191895,bert-base-uncased,first
1,2,stable_rank,14.825203895568848,bert-base-uncased,first
2,2,stable_rank,15.782511711120605,bert-base-uncased,first
3,2,stable_rank,16.056692123413086,bert-base-uncased,first
4,2,stable_rank,14.447883605957031,bert-base-uncased,first
5,2,stable_rank,13.838112831115723,bert-base-uncased,first
6,2,stable_rank,14.394745826721191,bert-base-uncased,first
7,2,stable_rank,15.70924186706543,bert-base-uncased,first
8,2,stable_rank,15.728577613830566,bert-base-uncased,first
9,2,stable_rank,15.652210235595703,bert-base-uncased,first
10,2,stable_rank,14.835750579833984,bert-base-uncased,first
11,2,stable_rank,13.290689468383789,bert-base-uncased,first
12,2,stable_rank,8.359888076782227,bert-base-uncased,first
0,2,twonn,6.029082298278809,bert-base-uncased,first
1,2,twonn,8.029565811157227,bert-base-uncased,first
2,2,twonn,16.085479736328125,bert-base-uncased,first
3,2,twonn,24.23600196838379,bert-base-uncased,first
4,2,twonn,40.57730484008789,bert-base-uncased,first
5,2,twonn,30.640541076660156,bert-base-uncased,first
6,2,twonn,29.244651794433594,bert-base-uncased,first
7,2,twonn,31.28980827331543,bert-base-uncased,first
8,2,twonn,41.15861511230469,bert-base-uncased,first
9,2,twonn,32.4001579284668,bert-base-uncased,first
10,2,twonn,55.8460807800293,bert-base-uncased,first
11,2,twonn,27.14908790588379,bert-base-uncased,first
12,2,twonn,16.68672752380371,bert-base-uncased,first
0,2,gride,,bert-base-uncased,first
1,2,gride,,bert-base-uncased,first
2,2,gride,,bert-base-uncased,first
3,2,gride,,bert-base-uncased,first
4,2,gride,,bert-base-uncased,first
5,2,gride,,bert-base-uncased,first
6,2,gride,,bert-base-uncased,first
7,2,gride,,bert-base-uncased,first
8,2,gride,,bert-base-uncased,first
9,2,gride,,bert-base-uncased,first
10,2,gride,,bert-base-uncased,first
11,2,gride,,bert-base-uncased,first
12,2,gride,,bert-base-uncased,first
0,2,mom,7.787203311920166,bert-base-uncased,first
1,2,mom,8.799097061157227,bert-base-uncased,first
2,2,mom,6.904707431793213,bert-base-uncased,first
3,2,mom,6.8186798095703125,bert-base-uncased,first
4,2,mom,7.675907611846924,bert-base-uncased,first
5,2,mom,7.089183807373047,bert-base-uncased,first
6,2,mom,8.11491870880127,bert-base-uncased,first
7,2,mom,7.901407241821289,bert-base-uncased,first
8,2,mom,8.146876335144043,bert-base-uncased,first
9,2,mom,6.440781593322754,bert-base-uncased,first
10,2,mom,7.417957782745361,bert-base-uncased,first
11,2,mom,5.799271583557129,bert-base-uncased,first
12,2,mom,6.8480353355407715,bert-base-uncased,first
0,2,tle,9.682546615600586,bert-base-uncased,first
1,2,tle,7.343656063079834,bert-base-uncased,first
2,2,tle,5.861626148223877,bert-base-uncased,first
3,2,tle,6.720439910888672,bert-base-uncased,first
4,2,tle,10.833768844604492,bert-base-uncased,first
5,2,tle,11.14566707611084,bert-base-uncased,first
6,2,tle,14.696812629699707,bert-base-uncased,first
7,2,tle,15.168789863586426,bert-base-uncased,first
8,2,tle,14.19061279296875,bert-base-uncased,first
9,2,tle,10.381355285644531,bert-base-uncased,first
10,2,tle,9.299389839172363,bert-base-uncased,first
11,2,tle,8.131936073303223,bert-base-uncased,first
12,2,tle,14.14238452911377,bert-base-uncased,first
0,2,corrint,8.599297523498535,bert-base-uncased,first
1,2,corrint,4.757547378540039,bert-base-uncased,first
2,2,corrint,4.50523567199707,bert-base-uncased,first
3,2,corrint,6.649389743804932,bert-base-uncased,first
4,2,corrint,9.159286499023438,bert-base-uncased,first
5,2,corrint,8.331961631774902,bert-base-uncased,first
6,2,corrint,10.538945198059082,bert-base-uncased,first
7,2,corrint,12.15294075012207,bert-base-uncased,first
8,2,corrint,11.561932563781738,bert-base-uncased,first
9,2,corrint,7.6909613609313965,bert-base-uncased,first
10,2,corrint,9.528924942016602,bert-base-uncased,first
11,2,corrint,8.279021263122559,bert-base-uncased,first
12,2,corrint,9.756985664367676,bert-base-uncased,first
0,2,fishers,5.138319492340088,bert-base-uncased,first
1,2,fishers,5.138319492340088,bert-base-uncased,first
2,2,fishers,5.138319492340088,bert-base-uncased,first
3,2,fishers,8.350452423095703,bert-base-uncased,first
4,2,fishers,8.350452423095703,bert-base-uncased,first
5,2,fishers,7.704873561859131,bert-base-uncased,first
6,2,fishers,7.084405422210693,bert-base-uncased,first
7,2,fishers,7.084405422210693,bert-base-uncased,first
8,2,fishers,7.084405422210693,bert-base-uncased,first
9,2,fishers,5.749032020568848,bert-base-uncased,first
10,2,fishers,5.749032020568848,bert-base-uncased,first
11,2,fishers,5.749032020568848,bert-base-uncased,first
12,2,fishers,6.229833126068115,bert-base-uncased,first
0,2,mle,9.208863258361816,bert-base-uncased,first
1,2,mle,7.779316425323486,bert-base-uncased,first
2,2,mle,6.288543224334717,bert-base-uncased,first
3,2,mle,7.318147659301758,bert-base-uncased,first
4,2,mle,11.297881126403809,bert-base-uncased,first
5,2,mle,11.492719650268555,bert-base-uncased,first
6,2,mle,15.02123737335205,bert-base-uncased,first
7,2,mle,15.829352378845215,bert-base-uncased,first
8,2,mle,14.94036865234375,bert-base-uncased,first
9,2,mle,11.489768028259277,bert-base-uncased,first
10,2,mle,9.537355422973633,bert-base-uncased,first
11,2,mle,8.340155601501465,bert-base-uncased,first
12,2,mle,14.450233459472656,bert-base-uncased,first
0,2,ess,69.11646270751953,bert-base-uncased,first
1,2,ess,107.39147186279297,bert-base-uncased,first
2,2,ess,128.76881408691406,bert-base-uncased,first
3,2,ess,147.67584228515625,bert-base-uncased,first
4,2,ess,136.1085968017578,bert-base-uncased,first
5,2,ess,140.2928466796875,bert-base-uncased,first
6,2,ess,145.73965454101562,bert-base-uncased,first
7,2,ess,152.50411987304688,bert-base-uncased,first
8,2,ess,135.7691192626953,bert-base-uncased,first
9,2,ess,127.1690444946289,bert-base-uncased,first
10,2,ess,97.42193603515625,bert-base-uncased,first
11,2,ess,84.83313751220703,bert-base-uncased,first
12,2,ess,69.22637176513672,bert-base-uncased,first
0,2,mada,10.37336254119873,bert-base-uncased,first
1,2,mada,8.904699325561523,bert-base-uncased,first
2,2,mada,6.038344383239746,bert-base-uncased,first
3,2,mada,6.426055431365967,bert-base-uncased,first
4,2,mada,10.540635108947754,bert-base-uncased,first
5,2,mada,11.083084106445312,bert-base-uncased,first
6,2,mada,15.216524124145508,bert-base-uncased,first
7,2,mada,16.048954010009766,bert-base-uncased,first
8,2,mada,14.72001838684082,bert-base-uncased,first
9,2,mada,12.625602722167969,bert-base-uncased,first
10,2,mada,17.032859802246094,bert-base-uncased,first
11,2,mada,10.348526000976562,bert-base-uncased,first
12,2,mada,15.05251407623291,bert-base-uncased,first
0,2,lpca,29.0,bert-base-uncased,first
1,2,lpca,29.0,bert-base-uncased,first
2,2,lpca,30.0,bert-base-uncased,first
3,2,lpca,31.0,bert-base-uncased,first
4,2,lpca,31.0,bert-base-uncased,first
5,2,lpca,31.0,bert-base-uncased,first
6,2,lpca,31.0,bert-base-uncased,first
7,2,lpca,32.0,bert-base-uncased,first
8,2,lpca,31.0,bert-base-uncased,first
9,2,lpca,30.0,bert-base-uncased,first
10,2,lpca,30.0,bert-base-uncased,first
11,2,lpca,30.0,bert-base-uncased,first
12,2,lpca,30.0,bert-base-uncased,first
0,2,lpca99,28.0,bert-base-uncased,first
1,2,lpca99,29.0,bert-base-uncased,first
2,2,lpca99,29.0,bert-base-uncased,first
3,2,lpca99,30.0,bert-base-uncased,first
4,2,lpca99,31.0,bert-base-uncased,first
5,2,lpca99,31.0,bert-base-uncased,first
6,2,lpca99,31.0,bert-base-uncased,first
7,2,lpca99,31.0,bert-base-uncased,first
8,2,lpca99,31.0,bert-base-uncased,first
9,2,lpca99,30.0,bert-base-uncased,first
10,2,lpca99,30.0,bert-base-uncased,first
11,2,lpca99,30.0,bert-base-uncased,first
12,2,lpca99,30.0,bert-base-uncased,first
0,2,lpca95,26.0,bert-base-uncased,first
1,2,lpca95,26.0,bert-base-uncased,first
2,2,lpca95,26.0,bert-base-uncased,first
3,2,lpca95,27.0,bert-base-uncased,first
4,2,lpca95,28.0,bert-base-uncased,first
5,2,lpca95,28.0,bert-base-uncased,first
6,2,lpca95,28.0,bert-base-uncased,first
7,2,lpca95,28.0,bert-base-uncased,first
8,2,lpca95,28.0,bert-base-uncased,first
9,2,lpca95,27.0,bert-base-uncased,first
10,2,lpca95,27.0,bert-base-uncased,first
11,2,lpca95,27.0,bert-base-uncased,first
12,2,lpca95,27.0,bert-base-uncased,first
